TITLE , WEB URL
Intel® Core™ i7 Processors,https://www.intel.in/content/www/in/en/products/processors/core/i7-processors.html
7th Gen (U/Y) and 8th Gen (U Quad-Core) Intel® Processor Families I/O...,https://www.intel.in/content/www/in/en/processors/core/7th-gen-core-family-mobile-u-y-processor-lines-i-o-spec-update.html
Intel: Tablet, 2 in 1, Laptop, Desktop, Smartphone, Server, Embedded,https://www.intel.in/content/www/in/en/homepage.html
Thunderbolt™ 3 Technology,https://www.intel.in/content/www/in/en/io/thunderbolt/thunderbolt-technology-general.html
Intel® Core™ i7-8550U Processor,https://www.intel.in/content/www/in/en/products/processors/core/i7-processors/i7-8550u.html
Site Map | Intel.com,https://www.intel.in/content/www/in/en/siteindex.html
8th Gen Intel® Core™ Processors with Radeon™ RX Vega M Graphics,https://www.intel.in/content/www/in/en/products/docs/processors/core/8th-gen-core-family-mobile-brief.html
Datasheet, Vol. 2: 7th Gen Intel® Processor Family for H Platforms,https://www.intel.in/content/www/in/en/processors/core/7th-gen-core-family-mobile-h-processor-lines-datasheet-vol-2.html
Lenovo ThinkPad X1 i5-7Y54 12" 2160 x 1440pixels Touchscreen Black...,https://www.intel.in/content/www/in/en/products/devices-systems/laptops/2-in-1s/lenovo-thinkpad-x1-H36338774.html#expertReviews
HP Spectre x360 13-ae503tu 1.8GHz i7-8550U 13.3" 1920 x 1080pixels...,https://www.intel.in/content/www/in/en/products/devices-systems/laptops/2-in-1s/hp-spectre-x360-13-ae503tu-H50448382.html
8th Generation Intel® Core™ Desktop Processor Family Product Brief,https://www.intel.in/content/www/in/en/processors/core/8th-gen-core-family-desktop-brief.html
7th Gen Intel® Core™ Processor Families Specification Update,https://www.intel.in/content/www/in/en/processors/core/7th-gen-core-family-spec-update.html
Performance Benchmark Test Disclosure,https://www.intel.in/content/www/in/en/benchmarks/benchmark.html
Intel® Core™ i7-8706G Processor,https://www.intel.in/content/www/in/en/products/processors/core/i7-processors/i7-8706g.html
Intel Privacy Notice,https://www.intel.in/content/www/in/en/privacy/intel-privacy-notice.html
Intel Terms of Use,https://www.intel.in/content/www/in/en/legal/terms-of-use.html
Datasheet, Vol. 1: 7th Gen Intel® Processor Family for H Platforms,https://www.intel.in/content/www/in/en/processors/core/7th-gen-core-family-mobile-h-processor-lines-datasheet-vol-1.html
Intel® Core™ i7-8709G Processor,https://www.intel.in/content/www/in/en/products/processors/core/i7-processors/i7-8709g.html
Intel® Optane™ Technology,https://www.intel.in/content/www/in/en/architecture-and-technology/intel-optane-technology.html
Intel® Processors for Servers, PCs, IoT, and Mobile Devices,https://www.intel.in/content/www/in/en/products/processors.html
Intel® Core™ i7-7700T Processor,https://www.intel.in/content/www/in/en/products/processors/core/i7-processors/i7-7700t.html
8th Gen (S-platform) Intel® Processor Family Spec Update,https://www.intel.in/content/www/in/en/processors/core/8th-gen-processor-family-spec-update.html
Intel® Core™ Processors,https://www.intel.in/content/www/in/en/products/processors/core.html
Intel® Core™ i7-8700 Processor,https://www.intel.in/content/www/in/en/products/processors/core/i7-processors/i7-8700.html
Support for 8th Generation Intel® Core™ i7 Processors,https://www.intel.in/content/www/in/en/support/products/122593/processors/intel-core-processors/8th-generation-intel-core-i7-processors.html
Intel Company Overview,https://www.intel.in/content/www/in/en/company-overview/company-overview.html
Trademarks,https://www.intel.in/content/www/in/en/legal/trademarks.html
Intel® Core™ i7-7820HQ Processor,https://www.intel.in/content/www/in/en/products/processors/core/i7-processors/i7-7820hq.html
HP Pavilion x360 14-ba152tx 1.6GHz i5-8250U 14" 1920 x 1080pixels...,https://www.intel.in/content/www/in/en/products/devices-systems/laptops/2-in-1s/hp-pavilion-x360-14-ba152tx-H40934287.html
Intel® Core™ i7-8809G Processor,https://www.intel.in/content/www/in/en/products/processors/core/i7-processors/i7-8809g.html
7th Gen (U/Y) and 8th Gen (U Quad-Core) Intel® Processor Families...,https://www.intel.in/content/www/in/en/processors/core/7th-gen-core-family-mobile-u-y-processor-lines-datasheet-vol-1.html
Intel® Turbo Boost Technology 2.0,https://www.intel.in/content/www/in/en/architecture-and-technology/turbo-boost/turbo-boost-technology.html
Intel® Core™ i7 Processor for LGA2011-3 Socket Datasheet, Vol. 1,https://www.intel.in/content/www/in/en/processors/core/core-i7-lga2011-3-datasheet-vol-1.html
Intel Statement on Slavery and Human Trafficking,https://www.intel.in/content/www/in/en/policy/policy-human-trafficking-and-slavery.html
DELL Inspiron 5578 2.4GHz i3-7100U 15.6" 1920 x 1080pixels...,https://www.intel.in/content/www/in/en/products/devices-systems/laptops/2-in-1s/dell-inspiron-5578-H49751972.html
Intel® Atom™ Processor N500 Series Specification Update,https://www.intel.in/content/www/in/en/processors/atom/atom-processor-n500-specification-update.html
Product Brief: 8th Generation Intel® Core™ Processor U-Series,https://www.intel.in/content/www/in/en/processors/core/8th-gen-core-family-mobile-brief.html
Contact Intel,https://www.intel.in/content/www/in/en/company-overview/contact-us.html
Intel® Core™ Processors Technical Resources,https://www.intel.in/content/www/in/en/processors/core/core-technical-resources.html
Corporate Social Responsibility,https://www.intel.in/content/www/in/en/corporate-responsibility/corporate-responsibility.html
Intel® Core™ i7-8705G Processor,https://www.intel.in/content/www/in/en/products/processors/core/i7-processors/i7-8705g.html
Find a reseller,https://www.intel.in/content/www/in/en/products/find-a-reseller.html
Intel® Core™ i7 Processor Family for LGA2011-3 Socket Spec Update,https://www.intel.in/content/www/in/en/processors/core/core-i7-lga2011-3-spec-update.html
Intel Processor-based Workstation Selection Guide,https://www.intel.in/content/www/in/en/workstations/workstation-xeon-core-i7-selection-guide-brief.html
8th Gen (S-platform) Intel® Processor Family Datasheet Vol.2,https://www.intel.in/content/www/in/en/processors/core/8th-gen-processor-family-s-platform-datasheet-vol-2.html
Intel® Core™ i7-8700K Processor,https://www.intel.in/content/www/in/en/products/processors/core/i7-processors/i7-8700k.html
Acer Nitro 5 Spin NP515-51 1.6GHz i5-8250U 15.6" 1920 x 1080pixels...,https://www.intel.in/content/www/in/en/products/devices-systems/laptops/2-in-1s/acer-nitro-5-spin-np515-51-H53125179.html
Intel Cookies and Similar Technologies Notice,https://www.intel.in/content/www/in/en/privacy/intel-cookie-notice.html
Intel® Processor Numbers: Laptop, Desktop, and Mobile Device,https://www.intel.in/content/www/in/en/processors/processor-numbers.html
Intel® Online Connect: Hassle Free Two Factor Authentication,https://www.intel.in/content/www/in/en/security/online-connect.html
Compare Products,https://www.intel.in/content/www/in/en/products/compare-products.html/processors
All Intel® Core™ Processors,https://www.intel.in/content/www/in/en/products/processors/core/view-all.html
Experience Visual Perfection with Intel® Graphics Technology,https://www.intel.in/content/www/in/en/architecture-and-technology/visual-technology/graphics-overview.html
Intel® Core™ i7-8650U Processor,https://www.intel.in/content/www/in/en/products/processors/core/i7-processors/i7-8650u.html
DELL Inspiron 5379 1.6GHz i5-8250U 13.3" 1920 x 1080pixels...,https://www.intel.in/content/www/in/en/products/devices-systems/laptops/2-in-1s/dell-inspiron-5379-H50447107.html
8th Gen (S-platform) Intel® Processor Family Datasheet Vol.1,https://www.intel.in/content/www/in/en/processors/core/8th-gen-processor-family-s-platform-datasheet-vol-1.html
Intel® Core™ i7 Processor for LGA2011-3 Socket Datasheet, Vol. 2,https://www.intel.in/content/www/in/en/processors/core/core-i7-lga2011-3-datasheet-vol-2.html
Jobs at Intel,https://www.intel.com/content/www/us/en/jobs/jobs-at-intel.html
Intel® Core™ i7 Processor for LGA2011-3 Socket Thermal Guide,https://www.intel.in/content/www/in/en/processors/core/core-i7-lga2011-3-tmsdg.html
Virtualization Technology on Intel® Atom™ Platform,https://www.intel.in/content/www/in/en/processors/atom/atom-virtualization-video.html
Windows* 10 and Intel® Core™ Processors,https://www.intel.in/content/www/in/en/windows/windows-10.html
Cold Storage in the Cloud: Trends, Challenges, and Solutions,https://www.intel.in/content/www/in/en/storage/cold-storage-atom-xeon-paper.html
Intel® Core™ i7-8559U Processor,https://www.intel.in/content/www/in/en/products/processors/core/i7-processors/i7-8559u.html
Hexapod Robot Using Intel® Atom™ Processor,https://www.intel.in/content/www/in/en/industrial-automation/industrial-atom-hexapod-robot-demo.html
Intel® Core™ i7-8750H Processor,https://www.intel.in/content/www/in/en/products/processors/core/i7-processors/i7-8750h.html
